{
  "Users":
[

{ "id":"1",
  "firstName":"Auser1",
"lastName":"Alast1",
"BU":"ABU1",
"email":"Auser1@xx.com"

},
{ "id":"2",
  "firstName":"Buser2",
"lastName":"Blast2",
"BU":"BBU2",
"email":"Buser2@xx.com"

},
{ "id":"3",
  "firstName":"Cuser3",
"lastName":"Clast3",
"BU":"CBU3",
"email":"Cser3@xx.com"

},
{ "id":"4",
  "firstName":"Duser4",
"lastName":"Dlast4",
"BU":"DBU4",
"email":"Duser4@xx.com"

},
{ "id":"5",
  "firstName":"Euser5",
"lastName":"Elast5",
"BU":"EBU5",
"email":"Euser5@xx.com"

},
{ "id":"6",
  "firstName":"Fuser6",
"lastName":"Flast6",
"BU":"FBU6",
"email":"Fuser6@xx.com"


},
{ "id":"7",
  "firstName":"Guser7",
"lastName":"Glast7",
"BU":"GBU7",
"email":"Guser7@xx.com"

},
{ "id":"8",
  "firstName":"Huser8",
"lastName":"Hlast8",
"BU":"HBU8",
"email":"Huser8@xx.com"

},
{ "id":"9",
  "firstName":"Iuser9",
"lastName":"Ilast9",
"BU":"IBU9",
"email":"Iuser9@xx.com"

},
{ "id":"10",
  "firstName":"Juser10",
"lastName":"Jlast10",
"BU":"JBU10",
"email":"Juser10@xx.com"

},
{ "id":"11",
  "firstName":"Kuser11",
"lastName":"Klast11",
"BU":"KBU11",
"email":"Kuser11@xx.com"

},{ "id":"12",
  "firstName":"Luser12",
"lastName":"Llast12",
"BU":"LBU12",
"email":"Luser12@xx.com"

},
{ "id":"13",
  "firstName":"Muser13",
"lastName":"Mlast13",
"BU":"MBU13",
"email":"Muser13@xx.com"

},
{ "id":"14",
  "firstName":"Nuser14",
"lastName":"Nlast14",
"BU":"NBU14",
"email":"Nuser14@xx.com"

},
{ "id":"O15",
  "firstName":"Ouser15",
"lastName":"Olast15",
"BU":"OBU15",
"email":"user15@xx.com"

}

  ]
}
